run,gen,filename,gap
1,1,469_314_01010101,0.050988
1,1,1067_3_01010101,0.165058
1,1,587_1040_01010101,0.382408
1,1,780_912_01010101,0.413795
1,1,873_1078_01010101,0.465921
1,1,1212_1203_01010101,0.597873
1,1,837_924_01010101,0.686652
1,1,459_996_01010101,0.720780
1,1,1060_587_01010101,0.727048
1,1,919_1061_01010101,0.796387
1,1,298_797_01010101,0.823906
1,1,421_1011_01010101,0.906295
1,1,730_288_01010101,0.924432
1,1,882_793_01010101,1.026838
1,1,155_1098_01010101,1.044078
1,1,537_458_01010101,1.075412
1,1,817_1149_01010101,1.160516
1,1,1041_954_01010101,1.163269
1,1,824_829_01010101,1.203288
1,1,968_856_01010101,1.322632
1,1,1140_1154_01010101,1.331986
1,1,543_386_01010101,1.335725
1,1,989_420_01010101,1.381058
1,1,1115_113_01010101,1.414321
1,1,81_621_01010101,1.423474
1,1,1026_870_01010101,1.476606
1,1,142_31_01010101,1.522654
1,1,672_959_01010101,1.577764
1,1,195_885_01010101,1.578574
1,1,323_470_01010101,1.699191
1,1,740_1055_01010101,2.332686
1,1,78_570_01010101,2.546360
1,2,469_314_01010101,0.050988
1,2,1067_3_01010101,0.165058
1,2,587_1040_01010101,0.382408
1,2,918_1078_01010101,0.393269
1,2,780_912_01010101,0.413795
1,2,873_1078_01010101,0.465921
1,2,919_799_01010101,0.520605
1,2,155_213_01010101,0.524604
1,2,1212_1203_01010101,0.597873
1,2,730_794_01010101,0.649994
1,2,837_924_01010101,0.686652
1,2,459_996_01010101,0.720780
1,2,329_1011_01010101,0.723177
1,2,1060_587_01010101,0.727048
1,2,459_815_01010101,0.728991
1,2,919_1061_01010101,0.796387
1,2,298_797_01010101,0.823906
1,2,421_1011_01010101,0.906295
1,2,730_288_01010101,0.924432
1,2,1060_797_01010101,1.024201
1,2,882_793_01010101,1.026838
1,2,155_1098_01010101,1.044078
1,2,537_458_01010101,1.075412
1,2,730_249_01010101,1.080315
1,2,298_1040_01010101,1.106384
1,2,391_912_01010101,1.202060
1,2,837_1203_01010101,1.274958
1,2,837_404_01010101,1.334209
1,2,837_458_01010101,1.397064
1,2,814_314_01010101,1.533125
1,2,1060_870_01010101,1.615826
1,2,486_1098_01010101,1.672392
1,3,469_314_01010101,0.050988
1,3,1067_3_01010101,0.165058
1,3,587_1040_01010101,0.382408
1,3,918_1078_01010101,0.393269
1,3,780_912_01010101,0.413795
1,3,780_687_01010101,0.414113
1,3,730_799_01010101,0.450257
1,3,873_1078_01010101,0.465921
1,3,919_799_01010101,0.520605
1,3,155_213_01010101,0.524604
1,3,1212_1203_01010101,0.597873
1,3,730_794_01010101,0.649994
1,3,433_799_01010101,0.660462
1,3,837_924_01010101,0.686652
1,3,459_996_01010101,0.720780
1,3,329_1011_01010101,0.723177
1,3,1060_587_01010101,0.727048
1,3,459_815_01010101,0.728991
1,3,919_1061_01010101,0.796387
1,3,469_799_01010101,0.876296
1,3,469_1181_01010101,0.956814
1,3,1060_516_01010101,1.028401
1,3,409_1040_01010101,1.062414
1,3,918_1026_01010101,1.067417
1,3,338_996_01010101,1.070914
1,3,780_314_01010101,1.072021
1,3,1054_1061_01010101,1.102132
1,3,469_924_01010101,1.373013
1,3,1060_1061_01010101,1.878913
1,3,1060_1127_01010101,2.297065
1,3,1060_794_01010101,2.475651
1,3,459_1055_01010101,2.558339
1,4,1067_35_01010101,0.004349
1,4,1212_1011_01010101,0.032002
1,4,469_314_01010101,0.050988
1,4,1067_3_01010101,0.165058
1,4,587_1040_01010101,0.382408
1,4,873_924_01010101,0.385489
1,4,918_1078_01010101,0.393269
1,4,1067_439_01010101,0.411833
1,4,780_912_01010101,0.413795
1,4,780_687_01010101,0.414113
1,4,730_799_01010101,0.450257
1,4,873_1078_01010101,0.465921
1,4,919_1078_01010101,0.498729
1,4,919_799_01010101,0.520605
1,4,155_213_01010101,0.524604
1,4,1212_1203_01010101,0.597873
1,4,730_794_01010101,0.649994
1,4,433_799_01010101,0.660462
1,4,837_924_01010101,0.686652
1,4,459_996_01010101,0.720780
1,4,329_1011_01010101,0.723177
1,4,919_867_01010101,0.818979
1,4,475_687_01010101,0.830855
1,4,918_1146_01010101,0.949091
1,4,459_1040_01010101,1.025387
1,4,873_1203_01010101,1.068737
1,4,647_1040_01010101,1.091715
1,4,312_687_01010101,1.227704
1,4,837_1203_01010101,1.274958
1,4,329_687_01010101,1.314726
1,4,873_314_01010101,1.385825
1,4,469_867_01010101,2.090790
1,5,780_35_01010101,0.001546
1,5,1067_35_01010101,0.004349
1,5,1212_1011_01010101,0.032002
1,5,469_314_01010101,0.050988
1,5,203_213_01010101,0.144461
1,5,1067_3_01010101,0.165058
1,5,780_3_01010101,0.307099
1,5,587_1040_01010101,0.382408
1,5,873_924_01010101,0.385489
1,5,918_1078_01010101,0.393269
1,5,1067_439_01010101,0.411833
1,5,780_912_01010101,0.413795
1,5,780_687_01010101,0.414113
1,5,873_1011_01010101,0.446786
1,5,730_799_01010101,0.450257
1,5,873_1078_01010101,0.465921
1,5,873_687_01010101,0.473990
1,5,780_1048_01010101,0.482042
1,5,919_1078_01010101,0.498729
1,5,919_799_01010101,0.520605
1,5,155_213_01010101,0.524604
1,5,155_912_01010101,0.571221
1,5,1212_1203_01010101,0.597873
1,5,1067_499_01010101,0.606611
1,5,919_1156_01010101,0.810887
1,5,780_1047_01010101,0.814282
1,5,308_912_01010101,0.858817
1,5,155_773_01010101,0.871214
1,5,730_732_01010101,0.906845
1,5,248_1203_01010101,1.066206
1,5,469_1203_01010101,1.381378
1,5,648_439_01010101,1.537511
1,6,780_35_01010101,0.001546
1,6,1067_35_01010101,0.004349
1,6,1212_1011_01010101,0.032002
1,6,469_314_01010101,0.050988
1,6,587_1078_01010101,0.079416
1,6,203_213_01010101,0.144461
1,6,394_35_01010101,0.154157
1,6,1067_3_01010101,0.165058
1,6,1067_1078_01010101,0.238026
1,6,1067_1141_01010101,0.303604
1,6,780_3_01010101,0.307099
1,6,587_1040_01010101,0.382408
1,6,873_924_01010101,0.385489
1,6,918_1078_01010101,0.393269
1,6,873_3_01010101,0.403699
1,6,1067_439_01010101,0.411833
1,6,780_912_01010101,0.413795
1,6,780_687_01010101,0.414113
1,6,918_799_01010101,0.427180
1,6,873_1011_01010101,0.446786
1,6,730_799_01010101,0.450257
1,6,873_1078_01010101,0.465921
1,6,873_52_01010101,0.505503
1,6,203_314_01010101,0.550119
1,6,1138_1011_01010101,0.608174
1,6,873_888_01010101,0.657690
1,6,328_912_01010101,0.689907
1,6,1019_687_01010101,0.732261
1,6,203_1155_01010101,0.768118
1,6,780_152_01010101,0.832697
1,6,780_42_01010101,0.974852
1,6,469_687_01010101,1.200080
1,7,780_35_01010101,0.001546
1,7,1067_35_01010101,0.004349
1,7,587_35_01010101,0.005717
1,7,203_35_01010101,0.007431
1,7,1212_1011_01010101,0.032002
1,7,469_314_01010101,0.050988
1,7,587_1078_01010101,0.079416
1,7,203_213_01010101,0.144461
1,7,394_35_01010101,0.154157
1,7,1067_3_01010101,0.165058
1,7,1067_1078_01010101,0.238026
1,7,1067_52_01010101,0.266835
1,7,1067_1141_01010101,0.303604
1,7,780_3_01010101,0.307099
1,7,780_924_01010101,0.317670
1,7,1067_988_01010101,0.366719
1,7,587_1040_01010101,0.382408
1,7,873_924_01010101,0.385489
1,7,918_1078_01010101,0.393269
1,7,873_3_01010101,0.403699
1,7,1067_439_01010101,0.411833
1,7,394_77_01010101,0.528132
1,7,918_1134_01010101,0.683522
1,7,1174_3_01010101,0.796507
1,7,404_1141_01010101,0.807308
1,7,508_1078_01010101,0.986022
1,7,1127_1141_01010101,1.300669
1,7,469_1011_01010101,1.360425
1,7,666_924_01010101,1.378612
1,7,873_314_01010101,1.385825
1,7,970_439_01010101,1.649971
1,7,469_379_01010101,2.642041
1,8,1212_35_01010101,0.000919
1,8,780_35_01010101,0.001546
1,8,995_35_01010101,0.001654
1,8,1067_35_01010101,0.004349
1,8,587_35_01010101,0.005717
1,8,543_35_01010101,0.006099
1,8,203_35_01010101,0.007431
1,8,630_213_01010101,0.013273
1,8,587_1141_01010101,0.021855
1,8,1212_1011_01010101,0.032002
1,8,784_35_01010101,0.038705
1,8,469_314_01010101,0.050988
1,8,587_1078_01010101,0.079416
1,8,587_1011_01010101,0.081524
1,8,203_213_01010101,0.144461
1,8,394_35_01010101,0.154157
1,8,1067_3_01010101,0.165058
1,8,1067_1011_01010101,0.167253
1,8,1067_154_01010101,0.210074
1,8,1067_1078_01010101,0.238026
1,8,1067_52_01010101,0.266835
1,8,1067_1141_01010101,0.303604
1,8,780_3_01010101,0.307099
1,8,780_924_01010101,0.317670
1,8,1067_988_01010101,0.366719
1,8,203_1186_01010101,0.448985
1,8,1067_783_01010101,0.527216
1,8,203_3_01010101,0.627802
1,8,587_10_01010101,0.788157
1,8,872_988_01010101,0.971053
1,8,469_3_01010101,1.460927
1,8,679_52_01010101,1.883305
1,9,119_35_01010101,0.000249
1,9,630_35_01010101,0.000799
1,9,1212_35_01010101,0.000919
1,9,780_35_01010101,0.001546
1,9,995_35_01010101,0.001654
1,9,1067_35_01010101,0.004349
1,9,587_35_01010101,0.005717
1,9,543_35_01010101,0.006099
1,9,76_35_01010101,0.006593
1,9,203_35_01010101,0.007431
1,9,630_213_01010101,0.013273
1,9,937_35_01010101,0.013657
1,9,587_1141_01010101,0.021855
1,9,1212_1011_01010101,0.032002
1,9,784_35_01010101,0.038705
1,9,469_314_01010101,0.050988
1,9,587_1078_01010101,0.079416
1,9,587_1011_01010101,0.081524
1,9,203_213_01010101,0.144461
1,9,630_1011_01010101,0.145500
1,9,394_35_01010101,0.154157
1,9,374_35_01010101,0.166448
1,9,1104_35_01010101,0.199532
1,9,863_35_01010101,0.334897
1,9,587_533_01010101,0.424679
1,9,40_213_01010101,0.487280
1,9,780_828_01010101,0.624381
1,9,587_314_01010101,0.792256
1,9,784_1078_01010101,0.800892
1,9,784_657_01010101,0.939559
1,9,541_314_01010101,1.287077
1,9,26_314_01010101,1.444998
1,10,119_35_01010101,0.000249
1,10,630_35_01010101,0.000799
1,10,1212_35_01010101,0.000919
1,10,1141_35_01010101,0.001488
1,10,780_35_01010101,0.001546
1,10,995_35_01010101,0.001654
1,10,629_35_01010101,0.001858
1,10,1067_35_01010101,0.004349
1,10,587_35_01010101,0.005717
1,10,543_35_01010101,0.006099
1,10,76_35_01010101,0.006593
1,10,203_35_01010101,0.007431
1,10,677_35_01010101,0.012221
1,10,630_213_01010101,0.013273
1,10,937_35_01010101,0.013657
1,10,637_213_01010101,0.013706
1,10,587_1141_01010101,0.021855
1,10,454_35_01010101,0.029487
1,10,1212_1011_01010101,0.032002
1,10,784_35_01010101,0.038705
1,10,469_314_01010101,0.050988
1,10,203_213_01010101,0.144461
1,10,103_35_01010101,0.196288
1,10,76_213_01010101,0.266084
1,10,203_451_01010101,0.332003
1,10,995_1011_01010101,0.605989
1,10,76_750_01010101,0.930100
1,10,995_88_01010101,0.946246
1,10,119_17_01010101,1.142286
1,10,119_585_01010101,1.260265
1,10,1207_314_01010101,1.774565
1,10,469_1155_01010101,1.814123
1,11,119_35_01010101,0.000249
1,11,630_35_01010101,0.000799
1,11,1212_35_01010101,0.000919
1,11,1141_35_01010101,0.001488
1,11,780_35_01010101,0.001546
1,11,995_35_01010101,0.001654
1,11,629_35_01010101,0.001858
1,11,1052_35_01010101,0.001963
1,11,1067_35_01010101,0.004349
1,11,587_35_01010101,0.005717
1,11,543_35_01010101,0.006099
1,11,275_35_01010101,0.006450
1,11,76_35_01010101,0.006593
1,11,203_35_01010101,0.007431
1,11,637_35_01010101,0.009232
1,11,677_35_01010101,0.012221
1,11,630_213_01010101,0.013273
1,11,177_35_01010101,0.013500
1,11,937_35_01010101,0.013657
1,11,637_213_01010101,0.013706
1,11,835_35_01010101,0.087154
1,11,690_35_01010101,0.105450
1,11,637_254_01010101,0.188815
1,11,536_213_01010101,0.218234
1,11,587_225_01010101,0.499207
1,11,1212_81_01010101,0.510792
1,11,630_545_01010101,0.518172
1,11,637_944_01010101,0.550900
1,11,1141_125_01010101,0.680885
1,11,630_732_01010101,0.712177
1,11,677_386_01010101,1.545672
1,11,995_863_01010101,1.808230
1,12,119_35_01010101,0.000249
1,12,630_35_01010101,0.000799
1,12,1134_35_01010101,0.000834
1,12,1212_35_01010101,0.000919
1,12,1141_35_01010101,0.001488
1,12,780_35_01010101,0.001546
1,12,995_35_01010101,0.001654
1,12,629_35_01010101,0.001858
1,12,1052_35_01010101,0.001963
1,12,715_35_01010101,0.002379
1,12,801_35_01010101,0.004178
1,12,1067_35_01010101,0.004349
1,12,712_35_01010101,0.004363
1,12,587_35_01010101,0.005717
1,12,543_35_01010101,0.006099
1,12,275_35_01010101,0.006450
1,12,76_35_01010101,0.006593
1,12,203_35_01010101,0.007431
1,12,587_768_01010101,0.008683
1,12,637_35_01010101,0.009232
1,12,677_35_01010101,0.012221
1,12,797_35_01010101,0.021114
1,12,1067_300_01010101,0.178723
1,12,637_313_01010101,0.268604
1,12,242_35_01010101,0.290275
1,12,637_998_01010101,0.626144
1,12,119_256_01010101,0.890469
1,12,629_20_01010101,0.934787
1,12,630_54_01010101,1.029012
1,12,629_1032_01010101,1.151618
1,12,543_254_01010101,1.262650
1,12,637_791_01010101,1.488432
1,13,119_35_01010101,0.000249
1,13,622_35_01010101,0.000449
1,13,630_35_01010101,0.000799
1,13,1134_35_01010101,0.000834
1,13,1212_35_01010101,0.000919
1,13,1141_35_01010101,0.001488
1,13,780_35_01010101,0.001546
1,13,496_35_01010101,0.001648
1,13,995_35_01010101,0.001654
1,13,629_35_01010101,0.001858
1,13,1052_35_01010101,0.001963
1,13,715_35_01010101,0.002379
1,13,64_35_01010101,0.003506
1,13,801_35_01010101,0.004178
1,13,1067_35_01010101,0.004349
1,13,712_35_01010101,0.004363
1,13,569_35_01010101,0.004688
1,13,587_35_01010101,0.005717
1,13,790_35_01010101,0.005827
1,13,543_35_01010101,0.006099
1,13,275_35_01010101,0.006450
1,13,107_35_01010101,0.007686
1,13,168_35_01010101,0.010140
1,13,1097_35_01010101,0.010970
1,13,736_35_01010101,0.016205
1,13,154_35_01010101,0.044828
1,13,1067_301_01010101,0.229127
1,13,1052_268_01010101,0.428738
1,13,1141_700_01010101,0.471575
1,13,119_137_01010101,0.483163
1,13,995_937_01010101,0.579014
1,13,715_801_01010101,1.069606
1,14,119_35_01010101,0.000249
1,14,622_35_01010101,0.000449
1,14,630_35_01010101,0.000799
1,14,1134_35_01010101,0.000834
1,14,1212_35_01010101,0.000919
1,14,1141_35_01010101,0.001488
1,14,780_35_01010101,0.001546
1,14,30_35_01010101,0.001621
1,14,496_35_01010101,0.001648
1,14,995_35_01010101,0.001654
1,14,629_35_01010101,0.001858
1,14,1052_35_01010101,0.001963
1,14,715_35_01010101,0.002379
1,14,64_35_01010101,0.003506
1,14,801_35_01010101,0.004178
1,14,1067_35_01010101,0.004349
1,14,712_35_01010101,0.004363
1,14,985_35_01010101,0.005506
1,14,543_35_01010101,0.006099
1,14,667_35_01010101,0.009469
1,14,1171_35_01010101,0.014155
1,14,221_35_01010101,0.021876
1,14,630_95_01010101,0.093816
1,14,343_35_01010101,0.214163
1,14,1141_207_01010101,0.523564
1,14,780_450_01010101,0.605379
1,14,622_1217_01010101,0.628929
1,14,780_1047_01010101,0.814282
1,14,1052_298_01010101,1.005903
1,14,1052_119_01010101,1.060071
1,14,629_904_01010101,1.133603
1,14,1052_539_01010101,1.376742
1,15,119_35_01010101,0.000249
1,15,622_35_01010101,0.000449
1,15,630_35_01010101,0.000799
1,15,1134_35_01010101,0.000834
1,15,1212_35_01010101,0.000919
1,15,1141_35_01010101,0.001488
1,15,780_35_01010101,0.001546
1,15,30_35_01010101,0.001621
1,15,496_35_01010101,0.001648
1,15,995_35_01010101,0.001654
1,15,629_35_01010101,0.001858
1,15,1052_35_01010101,0.001963
1,15,715_35_01010101,0.002379
1,15,309_35_01010101,0.003117
1,15,875_35_01010101,0.003442
1,15,64_35_01010101,0.003506
1,15,801_35_01010101,0.004178
1,15,1067_35_01010101,0.004349
1,15,1111_35_01010101,0.004533
1,15,402_35_01010101,0.004736
1,15,192_35_01010101,0.005485
1,15,551_35_01010101,0.006380
1,15,471_35_01010101,0.006927
1,15,177_35_01010101,0.013500
1,15,561_35_01010101,0.129322
1,15,512_35_01010101,0.220562
1,15,622_68_01010101,0.523210
1,15,119_496_01010101,0.633254
1,15,496_387_01010101,0.809754
1,15,715_1038_01010101,0.988168
1,15,629_412_01010101,1.287129
1,15,119_1051_01010101,1.325344
1,16,119_35_01010101,0.000249
1,16,622_35_01010101,0.000449
1,16,630_35_01010101,0.000799
1,16,1134_35_01010101,0.000834
1,16,1212_35_01010101,0.000919
1,16,1141_35_01010101,0.001488
1,16,780_35_01010101,0.001546
1,16,30_35_01010101,0.001621
1,16,496_35_01010101,0.001648
1,16,995_35_01010101,0.001654
1,16,629_35_01010101,0.001858
1,16,1052_35_01010101,0.001963
1,16,715_35_01010101,0.002379
1,16,309_35_01010101,0.003117
1,16,875_35_01010101,0.003442
1,16,64_35_01010101,0.003506
1,16,345_35_01010101,0.006025
1,16,61_35_01010101,0.009414
1,16,433_35_01010101,0.009992
1,16,413_35_01010101,0.010345
1,16,617_35_01010101,0.017437
1,16,821_35_01010101,0.091573
1,16,630_43_01010101,0.340277
1,16,14_35_01010101,0.355926
1,16,1141_1046_01010101,0.449074
1,16,629_305_01010101,0.499223
1,16,309_912_01010101,0.768865
1,16,780_508_01010101,0.819382
1,16,309_555_01010101,0.899474
1,16,629_1025_01010101,1.082211
1,16,995_1168_01010101,1.089491
1,16,715_825_01010101,1.241424
1,17,119_35_01010101,0.000249
1,17,622_35_01010101,0.000449
1,17,630_35_01010101,0.000799
1,17,1134_35_01010101,0.000834
1,17,101_35_01010101,0.000887
1,17,1212_35_01010101,0.000919
1,17,1141_35_01010101,0.001488
1,17,780_35_01010101,0.001546
1,17,30_35_01010101,0.001621
1,17,496_35_01010101,0.001648
1,17,995_35_01010101,0.001654
1,17,629_35_01010101,0.001858
1,17,1052_35_01010101,0.001963
1,17,246_35_01010101,0.002197
1,17,715_35_01010101,0.002379
1,17,309_35_01010101,0.003117
1,17,875_35_01010101,0.003442
1,17,64_35_01010101,0.003506
1,17,764_35_01010101,0.004006
1,17,81_35_01010101,0.004971
1,17,777_35_01010101,0.006396
1,17,60_35_01010101,0.024262
1,17,166_35_01010101,0.308483
1,17,1135_35_01010101,0.357053
1,17,1141_156_01010101,0.479432
1,17,1212_25_01010101,0.509279
1,17,622_1065_01010101,0.707774
1,17,30_818_01010101,0.721508
1,17,629_225_01010101,0.724569
1,17,224_35_01010101,0.784548
1,17,629_64_01010101,0.893650
1,17,64_1018_01010101,1.096812
1,18,119_35_01010101,0.000249
1,18,622_35_01010101,0.000449
1,18,630_35_01010101,0.000799
1,18,1134_35_01010101,0.000834
1,18,101_35_01010101,0.000887
1,18,1212_35_01010101,0.000919
1,18,901_35_01010101,0.001139
1,18,1141_35_01010101,0.001488
1,18,780_35_01010101,0.001546
1,18,30_35_01010101,0.001621
1,18,496_35_01010101,0.001648
1,18,995_35_01010101,0.001654
1,18,629_35_01010101,0.001858
1,18,1052_35_01010101,0.001963
1,18,246_35_01010101,0.002197
1,18,715_35_01010101,0.002379
1,18,309_35_01010101,0.003117
1,18,985_35_01010101,0.005506
1,18,495_35_01010101,0.005704
1,18,1209_35_01010101,0.006673
1,18,1106_35_01010101,0.007984
1,18,887_35_01010101,0.015076
1,18,809_35_01010101,0.165641
1,18,630_1039_01010101,0.191540
1,18,309_525_01010101,0.552062
1,18,780_203_01010101,0.577644
1,18,1141_399_01010101,0.640531
1,18,246_239_01010101,0.692014
1,18,30_654_01010101,0.728687
1,18,629_776_01010101,0.895194
1,18,622_1043_01010101,0.908793
1,18,246_620_01010101,1.289661
1,19,119_35_01010101,0.000249
1,19,622_35_01010101,0.000449
1,19,630_35_01010101,0.000799
1,19,1134_35_01010101,0.000834
1,19,87_35_01010101,0.000878
1,19,101_35_01010101,0.000887
1,19,1212_35_01010101,0.000919
1,19,901_35_01010101,0.001139
1,19,1141_35_01010101,0.001488
1,19,780_35_01010101,0.001546
1,19,30_35_01010101,0.001621
1,19,496_35_01010101,0.001648
1,19,995_35_01010101,0.001654
1,19,629_35_01010101,0.001858
1,19,1052_35_01010101,0.001963
1,19,385_35_01010101,0.001990
1,19,246_35_01010101,0.002197
1,19,715_35_01010101,0.002379
1,19,792_35_01010101,0.006810
1,19,459_35_01010101,0.012210
1,19,1039_35_01010101,0.015034
1,19,755_35_01010101,0.015241
1,19,427_35_01010101,0.023664
1,19,257_35_01010101,0.207255
1,19,246_5_01010101,0.238077
1,19,1212_494_01010101,0.257695
1,19,492_35_01010101,0.303796
1,19,30_52_01010101,0.854800
1,19,30_1164_01010101,0.865006
1,19,1134_883_01010101,0.903728
1,19,901_522_01010101,1.025354
1,19,119_1102_01010101,1.349548
1,20,119_35_01010101,0.000249
1,20,906_35_01010101,0.000403
1,20,622_35_01010101,0.000449
1,20,630_35_01010101,0.000799
1,20,1134_35_01010101,0.000834
1,20,87_35_01010101,0.000878
1,20,101_35_01010101,0.000887
1,20,1212_35_01010101,0.000919
1,20,901_35_01010101,0.001139
1,20,1141_35_01010101,0.001488
1,20,780_35_01010101,0.001546
1,20,30_35_01010101,0.001621
1,20,496_35_01010101,0.001648
1,20,995_35_01010101,0.001654
1,20,629_35_01010101,0.001858
1,20,1052_35_01010101,0.001963
1,20,385_35_01010101,0.001990
1,20,57_35_01010101,0.002009
1,20,700_35_01010101,0.004435
1,20,1016_35_01010101,0.005954
1,20,260_35_01010101,0.006152
1,20,1108_35_01010101,0.009273
1,20,301_35_01010101,0.070324
1,20,310_35_01010101,0.240091
1,20,101_729_01010101,0.393013
1,20,1052_316_01010101,0.545757
1,20,995_799_01010101,0.896423
1,20,101_190_01010101,0.897231
1,20,1179_35_01010101,0.919266
1,20,622_304_01010101,0.964147
1,20,1052_364_01010101,1.005554
1,20,385_1008_01010101,1.330265
1,21,119_35_01010101,0.000249
1,21,906_35_01010101,0.000403
1,21,622_35_01010101,0.000449
1,21,642_35_01010101,0.000760
1,21,630_35_01010101,0.000799
1,21,1134_35_01010101,0.000834
1,21,87_35_01010101,0.000878
1,21,101_35_01010101,0.000887
1,21,1212_35_01010101,0.000919
1,21,901_35_01010101,0.001139
1,21,1141_35_01010101,0.001488
1,21,780_35_01010101,0.001546
1,21,30_35_01010101,0.001621
1,21,496_35_01010101,0.001648
1,21,995_35_01010101,0.001654
1,21,629_35_01010101,0.001858
1,21,1052_35_01010101,0.001963
1,21,21_35_01010101,0.002400
1,21,759_35_01010101,0.004695
1,21,1223_35_01010101,0.006447
1,21,375_35_01010101,0.009075
1,21,99_35_01010101,0.023623
1,21,523_35_01010101,0.074499
1,21,1052_541_01010101,0.535827
1,21,780_128_01010101,0.613274
1,21,780_792_01010101,0.666406
1,21,101_800_01010101,0.805058
1,21,906_236_01010101,0.848897
1,21,101_787_01010101,0.854629
1,21,1052_52_01010101,0.881192
1,21,1134_258_01010101,1.614620
1,21,1134_882_01010101,2.082734
1,22,119_35_01010101,0.000249
1,22,906_35_01010101,0.000403
1,22,622_35_01010101,0.000449
1,22,642_35_01010101,0.000760
1,22,630_35_01010101,0.000799
1,22,1134_35_01010101,0.000834
1,22,87_35_01010101,0.000878
1,22,101_35_01010101,0.000887
1,22,1212_35_01010101,0.000919
1,22,980_35_01010101,0.001073
1,22,901_35_01010101,0.001139
1,22,1141_35_01010101,0.001488
1,22,780_35_01010101,0.001546
1,22,30_35_01010101,0.001621
1,22,496_35_01010101,0.001648
1,22,995_35_01010101,0.001654
1,22,629_35_01010101,0.001858
1,22,676_35_01010101,0.002194
1,22,715_35_01010101,0.002379
1,22,955_35_01010101,0.004145
1,22,986_35_01010101,0.005418
1,22,642_830_01010101,0.015416
1,22,1212_744_01010101,0.028905
1,22,431_35_01010101,0.074759
1,22,622_1212_01010101,0.084374
1,22,125_35_01010101,0.225459
1,22,995_446_01010101,0.551591
1,22,780_33_01010101,0.605621
1,22,30_1029_01010101,0.840419
1,22,87_293_01010101,1.057178
1,22,30_620_01010101,1.083918
1,22,901_577_01010101,2.371459
1,23,119_35_01010101,0.000249
1,23,906_35_01010101,0.000403
1,23,622_35_01010101,0.000449
1,23,642_35_01010101,0.000760
1,23,630_35_01010101,0.000799
1,23,208_35_01010101,0.000822
1,23,1134_35_01010101,0.000834
1,23,87_35_01010101,0.000878
1,23,101_35_01010101,0.000887
1,23,1212_35_01010101,0.000919
1,23,980_35_01010101,0.001073
1,23,901_35_01010101,0.001139
1,23,470_35_01010101,0.001370
1,23,1141_35_01010101,0.001488
1,23,780_35_01010101,0.001546
1,23,30_35_01010101,0.001621
1,23,496_35_01010101,0.001648
1,23,995_35_01010101,0.001654
1,23,88_35_01010101,0.007610
1,23,849_35_01010101,0.007776
1,23,998_35_01010101,0.008235
1,23,1192_35_01010101,0.011708
1,23,892_35_01010101,0.023847
1,23,726_35_01010101,0.030923
1,23,1025_35_01010101,0.173595
1,23,582_35_01010101,0.219797
1,23,1141_507_01010101,0.328390
1,23,30_1016_01010101,0.518076
1,23,780_285_01010101,0.688454
1,23,1212_769_01010101,0.846413
1,23,30_746_01010101,1.012452
1,23,901_17_01010101,1.205293
1,24,119_35_01010101,0.000249
1,24,906_35_01010101,0.000403
1,24,622_35_01010101,0.000449
1,24,642_35_01010101,0.000760
1,24,630_35_01010101,0.000799
1,24,208_35_01010101,0.000822
1,24,1134_35_01010101,0.000834
1,24,87_35_01010101,0.000878
1,24,101_35_01010101,0.000887
1,24,1212_35_01010101,0.000919
1,24,980_35_01010101,0.001073
1,24,901_35_01010101,0.001139
1,24,470_35_01010101,0.001370
1,24,1141_35_01010101,0.001488
1,24,780_35_01010101,0.001546
1,24,30_35_01010101,0.001621
1,24,349_35_01010101,0.002533
1,24,218_35_01010101,0.005230
1,24,142_35_01010101,0.005847
1,24,642_737_01010101,0.007657
1,24,585_35_01010101,0.010857
1,24,1078_35_01010101,0.012965
1,24,617_35_01010101,0.017437
1,24,931_35_01010101,0.025589
1,24,119_956_01010101,0.032964
1,24,258_35_01010101,0.087051
1,24,630_1161_01010101,0.202762
1,24,87_5_01010101,0.577583
1,24,470_1105_01010101,1.040756
1,24,87_167_01010101,1.376225
1,24,980_296_01010101,2.147057
1,24,980_94_01010101,2.275317
1,25,119_35_01010101,0.000249
1,25,906_35_01010101,0.000403
1,25,622_35_01010101,0.000449
1,25,642_35_01010101,0.000760
1,25,630_35_01010101,0.000799
1,25,208_35_01010101,0.000822
1,25,1134_35_01010101,0.000834
1,25,87_35_01010101,0.000878
1,25,101_35_01010101,0.000887
1,25,1212_35_01010101,0.000919
1,25,980_35_01010101,0.001073
1,25,901_35_01010101,0.001139
1,25,470_35_01010101,0.001370
1,25,1141_35_01010101,0.001488
1,25,780_35_01010101,0.001546
1,25,30_35_01010101,0.001621
1,25,647_35_01010101,0.003552
1,25,363_35_01010101,0.004693
1,25,862_35_01010101,0.004868
1,25,393_35_01010101,0.004977
1,25,822_35_01010101,0.010386
1,25,888_35_01010101,0.010421
1,25,1104_35_01010101,0.199532
1,25,1141_880_01010101,0.455326
1,25,470_212_01010101,0.606758
1,25,30_138_01010101,0.752105
1,25,901_1198_01010101,0.906166
1,25,119_1179_01010101,0.940251
1,25,30_741_01010101,0.975147
1,25,119_437_01010101,1.081361
1,25,119_1126_01010101,1.102955
1,25,470_370_01010101,1.120666
1,26,119_35_01010101,0.000249
1,26,906_35_01010101,0.000403
1,26,622_35_01010101,0.000449
1,26,642_35_01010101,0.000760
1,26,630_35_01010101,0.000799
1,26,208_35_01010101,0.000822
1,26,1134_35_01010101,0.000834
1,26,87_35_01010101,0.000878
1,26,101_35_01010101,0.000887
1,26,1212_35_01010101,0.000919
1,26,980_35_01010101,0.001073
1,26,901_35_01010101,0.001139
1,26,470_35_01010101,0.001370
1,26,1141_35_01010101,0.001488
1,26,780_35_01010101,0.001546
1,26,30_35_01010101,0.001621
1,26,1037_35_01010101,0.003746
1,26,181_35_01010101,0.004337
1,26,642_688_01010101,0.005670
1,26,650_35_01010101,0.007453
1,26,991_35_01010101,0.008594
1,26,1163_35_01010101,0.009916
1,26,1212_813_01010101,0.232264
1,26,1131_35_01010101,0.316860
1,26,780_949_01010101,0.397394
1,26,1134_5_01010101,0.446388
1,26,906_797_01010101,0.718687
1,26,630_314_01010101,0.811741
1,26,208_356_01010101,1.000725
1,26,101_25_01010101,1.209623
1,26,906_1009_01010101,1.244483
1,26,622_53_01010101,1.411643
1,27,119_35_01010101,0.000249
1,27,906_35_01010101,0.000403
1,27,622_35_01010101,0.000449
1,27,415_35_01010101,0.000666
1,27,479_35_01010101,0.000732
1,27,642_35_01010101,0.000760
1,27,630_35_01010101,0.000799
1,27,208_35_01010101,0.000822
1,27,1134_35_01010101,0.000834
1,27,87_35_01010101,0.000878
1,27,101_35_01010101,0.000887
1,27,1212_35_01010101,0.000919
1,27,980_35_01010101,0.001073
1,27,901_35_01010101,0.001139
1,27,470_35_01010101,0.001370
1,27,1141_35_01010101,0.001488
1,27,780_35_01010101,0.001546
1,27,30_35_01010101,0.001621
1,27,334_35_01010101,0.005245
1,27,525_35_01010101,0.007910
1,27,460_35_01010101,0.008231
1,27,321_35_01010101,0.008618
1,27,1174_35_01010101,0.010022
1,27,1212_141_01010101,0.100329
1,27,638_35_01010101,0.216801
1,27,1212_415_01010101,0.294576
1,27,622_828_01010101,0.692721
1,27,30_1039_01010101,0.730177
1,27,30_36_01010101,0.960755
1,27,980_89_01010101,1.190417
1,27,901_319_01010101,1.232952
1,27,208_555_01010101,1.615398
1,28,119_35_01010101,0.000249
1,28,73_35_01010101,0.000331
1,28,906_35_01010101,0.000403
1,28,622_35_01010101,0.000449
1,28,415_35_01010101,0.000666
1,28,479_35_01010101,0.000732
1,28,642_35_01010101,0.000760
1,28,630_35_01010101,0.000799
1,28,208_35_01010101,0.000822
1,28,1134_35_01010101,0.000834
1,28,87_35_01010101,0.000878
1,28,101_35_01010101,0.000887
1,28,1212_35_01010101,0.000919
1,28,980_35_01010101,0.001073
1,28,901_35_01010101,0.001139
1,28,470_35_01010101,0.001370
1,28,1141_35_01010101,0.001488
1,28,447_35_01010101,0.002311
1,28,198_35_01010101,0.004707
1,28,993_35_01010101,0.006845
1,28,88_35_01010101,0.007610
1,28,1212_686_01010101,0.007688
1,28,642_599_01010101,0.010193
1,28,529_35_01010101,0.026337
1,28,901_569_01010101,0.539447
1,28,1212_23_01010101,0.733559
1,28,479_709_01010101,0.788656
1,28,119_203_01010101,0.840357
1,28,980_163_01010101,1.240106
1,28,980_1144_01010101,1.592265
1,28,980_31_01010101,2.096606
1,28,980_882_01010101,2.175720
1,29,119_35_01010101,0.000249
1,29,73_35_01010101,0.000331
1,29,906_35_01010101,0.000403
1,29,622_35_01010101,0.000449
1,29,625_35_01010101,0.000661
1,29,415_35_01010101,0.000666
1,29,479_35_01010101,0.000732
1,29,642_35_01010101,0.000760
1,29,630_35_01010101,0.000799
1,29,208_35_01010101,0.000822
1,29,1134_35_01010101,0.000834
1,29,87_35_01010101,0.000878
1,29,101_35_01010101,0.000887
1,29,1212_35_01010101,0.000919
1,29,980_35_01010101,0.001073
1,29,901_35_01010101,0.001139
1,29,470_35_01010101,0.001370
1,29,456_35_01010101,0.007627
1,29,668_35_01010101,0.008219
1,29,432_35_01010101,0.025819
1,29,582_35_01010101,0.219797
1,29,791_35_01010101,0.230992
1,29,725_35_01010101,0.379961
1,29,724_35_01010101,0.464128
1,29,906_815_01010101,0.685478
1,29,479_289_01010101,0.716102
1,29,901_1002_01010101,1.027241
1,29,208_260_01010101,1.177095
1,29,208_41_01010101,1.212576
1,29,1134_351_01010101,1.244021
1,29,119_253_01010101,1.313097
1,29,901_783_01010101,2.197830
1,30,119_35_01010101,0.000249
1,30,73_35_01010101,0.000331
1,30,906_35_01010101,0.000403
1,30,622_35_01010101,0.000449
1,30,625_35_01010101,0.000661
1,30,415_35_01010101,0.000666
1,30,479_35_01010101,0.000732
1,30,642_35_01010101,0.000760
1,30,630_35_01010101,0.000799
1,30,208_35_01010101,0.000822
1,30,1134_35_01010101,0.000834
1,30,87_35_01010101,0.000878
1,30,101_35_01010101,0.000887
1,30,1212_35_01010101,0.000919
1,30,980_35_01010101,0.001073
1,30,901_35_01010101,0.001139
1,30,875_35_01010101,0.003442
1,30,266_35_01010101,0.004515
1,30,260_35_01010101,0.006152
1,30,642_657_01010101,0.006690
1,30,241_35_01010101,0.008534
1,30,845_35_01010101,0.154857
1,30,630_1128_01010101,0.194642
1,30,1083_35_01010101,0.292536
1,30,101_409_01010101,0.854853
1,30,101_147_01010101,0.900279
1,30,208_995_01010101,1.030582
1,30,101_201_01010101,1.188602
1,30,1134_871_01010101,1.442707
1,30,101_310_01010101,1.472458
1,30,415_147_01010101,1.657503
1,30,415_216_01010101,2.179391
1,31,1199_35_01010101,0.000072
1,31,119_35_01010101,0.000249
1,31,73_35_01010101,0.000331
1,31,906_35_01010101,0.000403
1,31,622_35_01010101,0.000449
1,31,625_35_01010101,0.000661
1,31,415_35_01010101,0.000666
1,31,479_35_01010101,0.000732
1,31,642_35_01010101,0.000760
1,31,630_35_01010101,0.000799
1,31,208_35_01010101,0.000822
1,31,1134_35_01010101,0.000834
1,31,87_35_01010101,0.000878
1,31,101_35_01010101,0.000887
1,31,1212_35_01010101,0.000919
1,31,980_35_01010101,0.001073
1,31,901_35_01010101,0.001139
1,31,1079_35_01010101,0.001356
1,31,248_35_01010101,0.002080
1,31,642_514_01010101,0.003064
1,31,683_35_01010101,0.005349
1,31,360_35_01010101,0.006744
1,31,636_35_01010101,0.007281
1,31,763_35_01010101,0.008146
1,31,17_35_01010101,0.009897
1,31,918_35_01010101,0.012360
1,31,717_35_01010101,0.290852
1,31,630_298_01010101,0.542905
1,31,119_803_01010101,0.964947
1,31,980_624_01010101,1.834069
1,31,415_312_01010101,1.862166
1,31,415_411_01010101,2.679484
1,32,1199_35_01010101,0.000072
1,32,119_35_01010101,0.000249
1,32,73_35_01010101,0.000331
1,32,906_35_01010101,0.000403
1,32,622_35_01010101,0.000449
1,32,625_35_01010101,0.000661
1,32,415_35_01010101,0.000666
1,32,479_35_01010101,0.000732
1,32,642_35_01010101,0.000760
1,32,630_35_01010101,0.000799
1,32,208_35_01010101,0.000822
1,32,1134_35_01010101,0.000834
1,32,87_35_01010101,0.000878
1,32,101_35_01010101,0.000887
1,32,1212_35_01010101,0.000919
1,32,980_35_01010101,0.001073
1,32,642_254_01010101,0.004435
1,32,730_35_01010101,0.005423
1,32,6_35_01010101,0.006093
1,32,542_35_01010101,0.006259
1,32,414_35_01010101,0.013962
1,32,680_35_01010101,0.015395
1,32,312_35_01010101,0.241747
1,32,479_304_01010101,0.832722
1,32,479_373_01010101,1.064821
1,32,101_387_01010101,1.139861
1,32,1199_222_01010101,1.213743
1,32,906_621_01010101,1.260501
1,32,625_822_01010101,1.416440
1,32,119_323_01010101,1.574937
1,32,625_375_01010101,1.750764
1,32,208_362_01010101,2.180143
1,33,1199_35_01010101,0.000072
1,33,119_35_01010101,0.000249
1,33,194_35_01010101,0.000295
1,33,73_35_01010101,0.000331
1,33,906_35_01010101,0.000403
1,33,622_35_01010101,0.000449
1,33,625_35_01010101,0.000661
1,33,415_35_01010101,0.000666
1,33,479_35_01010101,0.000732
1,33,642_35_01010101,0.000760
1,33,630_35_01010101,0.000799
1,33,208_35_01010101,0.000822
1,33,1134_35_01010101,0.000834
1,33,87_35_01010101,0.000878
1,33,101_35_01010101,0.000887
1,33,1212_35_01010101,0.000919
1,33,980_35_01010101,0.001073
1,33,202_35_01010101,0.001558
1,33,710_35_01010101,0.005843
1,33,564_35_01010101,0.005935
1,33,453_35_01010101,0.006430
1,33,1168_35_01010101,0.007835
1,33,642_874_01010101,0.008183
1,33,37_35_01010101,0.018265
1,33,1212_913_01010101,0.157468
1,33,696_35_01010101,0.193624
1,33,622_149_01010101,0.659237
1,33,1134_498_01010101,0.986620
1,33,415_1221_01010101,1.189460
1,33,119_294_01010101,1.205224
1,33,906_369_01010101,1.594689
1,33,415_1084_01010101,1.811414
1,34,1199_35_01010101,0.000072
1,34,119_35_01010101,0.000249
1,34,194_35_01010101,0.000295
1,34,73_35_01010101,0.000331
1,34,906_35_01010101,0.000403
1,34,622_35_01010101,0.000449
1,34,625_35_01010101,0.000661
1,34,415_35_01010101,0.000666
1,34,479_35_01010101,0.000732
1,34,642_35_01010101,0.000760
1,34,630_35_01010101,0.000799
1,34,208_35_01010101,0.000822
1,34,1134_35_01010101,0.000834
1,34,87_35_01010101,0.000878
1,34,101_35_01010101,0.000887
1,34,1212_35_01010101,0.000919
1,34,1084_35_01010101,0.001392
1,34,886_35_01010101,0.002881
1,34,241_35_01010101,0.008534
1,34,204_35_01010101,0.010512
1,34,1031_35_01010101,0.012342
1,34,228_35_01010101,0.174408
1,34,964_35_01010101,0.315739
1,34,630_661_01010101,0.367703
1,34,622_294_01010101,0.416777
1,34,479_423_01010101,0.618074
1,34,1212_164_01010101,0.657427
1,34,1199_531_01010101,0.886876
1,34,73_910_01010101,0.981787
1,34,625_209_01010101,1.481906
1,34,1134_97_01010101,1.584607
1,34,415_334_01010101,1.709611
1,35,1199_35_01010101,0.000072
1,35,563_35_01010101,0.000175
1,35,119_35_01010101,0.000249
1,35,194_35_01010101,0.000295
1,35,73_35_01010101,0.000331
1,35,906_35_01010101,0.000403
1,35,622_35_01010101,0.000449
1,35,625_35_01010101,0.000661
1,35,415_35_01010101,0.000666
1,35,479_35_01010101,0.000732
1,35,642_35_01010101,0.000760
1,35,630_35_01010101,0.000799
1,35,208_35_01010101,0.000822
1,35,1134_35_01010101,0.000834
1,35,87_35_01010101,0.000878
1,35,101_35_01010101,0.000887
1,35,1212_35_01010101,0.000919
1,35,368_35_01010101,0.002530
1,35,161_35_01010101,0.003638
1,35,489_35_01010101,0.004074
1,35,692_35_01010101,0.004151
1,35,674_35_01010101,0.009015
1,35,1061_35_01010101,0.009316
1,35,585_35_01010101,0.010857
1,35,68_35_01010101,0.196362
1,35,1199_922_01010101,0.290903
1,35,630_837_01010101,0.359284
1,35,630_606_01010101,0.440545
1,35,479_316_01010101,0.578895
1,35,479_1173_01010101,0.663019
1,35,479_1126_01010101,0.794507
1,35,479_819_01010101,0.816713
1,36,1199_35_01010101,0.000072
1,36,563_35_01010101,0.000175
1,36,119_35_01010101,0.000249
1,36,194_35_01010101,0.000295
1,36,73_35_01010101,0.000331
1,36,906_35_01010101,0.000403
1,36,622_35_01010101,0.000449
1,36,625_35_01010101,0.000661
1,36,415_35_01010101,0.000666
1,36,479_35_01010101,0.000732
1,36,642_35_01010101,0.000760
1,36,630_35_01010101,0.000799
1,36,208_35_01010101,0.000822
1,36,1134_35_01010101,0.000834
1,36,87_35_01010101,0.000878
1,36,101_35_01010101,0.000887
1,36,861_35_01010101,0.004963
1,36,1189_35_01010101,0.007259
1,36,389_35_01010101,0.009370
1,36,342_35_01010101,0.009457
1,36,1194_35_01010101,0.028018
1,36,770_35_01010101,0.060835
1,36,1009_35_01010101,0.132168
1,36,1127_35_01010101,0.211158
1,36,630_622_01010101,0.247731
1,36,479_848_01010101,0.639865
1,36,1199_1203_01010101,1.030839
1,36,563_353_01010101,1.284827
1,36,906_195_01010101,1.306671
1,36,101_680_01010101,1.328743
1,36,625_334_01010101,1.487507
1,36,625_1087_01010101,1.525331
1,37,1199_35_01010101,0.000072
1,37,563_35_01010101,0.000175
1,37,119_35_01010101,0.000249
1,37,194_35_01010101,0.000295
1,37,73_35_01010101,0.000331
1,37,906_35_01010101,0.000403
1,37,622_35_01010101,0.000449
1,37,625_35_01010101,0.000661
1,37,415_35_01010101,0.000666
1,37,479_35_01010101,0.000732
1,37,642_35_01010101,0.000760
1,37,630_35_01010101,0.000799
1,37,208_35_01010101,0.000822
1,37,1134_35_01010101,0.000834
1,37,87_35_01010101,0.000878
1,37,101_35_01010101,0.000887
1,37,706_35_01010101,0.004929
1,37,642_1163_01010101,0.005843
1,37,621_35_01010101,0.007056
1,37,810_35_01010101,0.007405
1,37,1048_35_01010101,0.008922
1,37,677_35_01010101,0.012221
1,37,979_35_01010101,0.304670
1,37,1199_983_01010101,0.425202
1,37,622_820_01010101,0.499453
1,37,415_913_01010101,0.630596
1,37,1199_1164_01010101,0.861977
1,37,87_341_01010101,0.975381
1,37,119_333_01010101,1.219632
1,37,625_377_01010101,1.423215
1,37,87_412_01010101,1.504051
1,37,415_1032_01010101,2.488800
1,38,1199_35_01010101,0.000072
1,38,563_35_01010101,0.000175
1,38,119_35_01010101,0.000249
1,38,194_35_01010101,0.000295
1,38,73_35_01010101,0.000331
1,38,906_35_01010101,0.000403
1,38,622_35_01010101,0.000449
1,38,172_35_01010101,0.000549
1,38,625_35_01010101,0.000661
1,38,415_35_01010101,0.000666
1,38,479_35_01010101,0.000732
1,38,642_35_01010101,0.000760
1,38,630_35_01010101,0.000799
1,38,208_35_01010101,0.000822
1,38,1134_35_01010101,0.000834
1,38,87_35_01010101,0.000878
1,38,101_35_01010101,0.000887
1,38,1125_35_01010101,0.003306
1,38,1100_35_01010101,0.004457
1,38,218_35_01010101,0.005230
1,38,910_35_01010101,0.006613
1,38,1092_35_01010101,0.006892
1,38,868_35_01010101,0.009490
1,38,599_35_01010101,0.009844
1,38,917_35_01010101,0.012235
1,38,523_35_01010101,0.074499
1,38,630_1027_01010101,0.286637
1,38,1199_184_01010101,0.880465
1,38,87_601_01010101,1.118781
1,38,563_834_01010101,1.341661
1,38,119_843_01010101,1.857875
1,38,415_529_01010101,2.285091
1,39,1199_35_01010101,0.000072
1,39,563_35_01010101,0.000175
1,39,119_35_01010101,0.000249
1,39,194_35_01010101,0.000295
1,39,73_35_01010101,0.000331
1,39,906_35_01010101,0.000403
1,39,622_35_01010101,0.000449
1,39,172_35_01010101,0.000549
1,39,625_35_01010101,0.000661
1,39,415_35_01010101,0.000666
1,39,479_35_01010101,0.000732
1,39,642_35_01010101,0.000760
1,39,630_35_01010101,0.000799
1,39,208_35_01010101,0.000822
1,39,1134_35_01010101,0.000834
1,39,87_35_01010101,0.000878
1,39,1128_35_01010101,0.003493
1,39,419_35_01010101,0.005828
1,39,542_35_01010101,0.006259
1,39,351_35_01010101,0.007512
1,39,122_35_01010101,0.009101
1,39,9_35_01010101,0.011612
1,39,1142_35_01010101,0.014609
1,39,860_35_01010101,0.084567
1,39,630_1163_01010101,0.324772
1,39,630_276_01010101,0.392289
1,39,87_137_01010101,0.739657
1,39,73_275_01010101,0.962467
1,39,194_2_01010101,1.284325
1,39,563_388_01010101,1.458269
1,39,906_1021_01010101,1.489907
1,39,172_1000_01010101,1.953839
1,40,1199_35_01010101,0.000072
1,40,563_35_01010101,0.000175
1,40,119_35_01010101,0.000249
1,40,194_35_01010101,0.000295
1,40,73_35_01010101,0.000331
1,40,906_35_01010101,0.000403
1,40,622_35_01010101,0.000449
1,40,172_35_01010101,0.000549
1,40,625_35_01010101,0.000661
1,40,415_35_01010101,0.000666
1,40,479_35_01010101,0.000732
1,40,642_35_01010101,0.000760
1,40,630_35_01010101,0.000799
1,40,208_35_01010101,0.000822
1,40,1134_35_01010101,0.000834
1,40,87_35_01010101,0.000878
1,40,133_35_01010101,0.001666
1,40,1057_35_01010101,0.004009
1,40,824_35_01010101,0.004138
1,40,992_35_01010101,0.004384
1,40,403_35_01010101,0.005004
1,40,642_599_01010101,0.010193
1,40,642_689_01010101,0.024210
1,40,1194_35_01010101,0.028018
1,40,1029_35_01010101,0.126619
1,40,31_35_01010101,0.216359
1,40,630_738_01010101,0.318053
1,40,630_957_01010101,0.489479
1,40,622_149_01010101,0.659237
1,40,87_9_01010101,1.133741
1,40,563_90_01010101,1.192678
1,40,194_1055_01010101,2.140917
1,41,1199_35_01010101,0.000072
1,41,563_35_01010101,0.000175
1,41,119_35_01010101,0.000249
1,41,194_35_01010101,0.000295
1,41,73_35_01010101,0.000331
1,41,906_35_01010101,0.000403
1,41,622_35_01010101,0.000449
1,41,172_35_01010101,0.000549
1,41,625_35_01010101,0.000661
1,41,415_35_01010101,0.000666
1,41,479_35_01010101,0.000732
1,41,642_35_01010101,0.000760
1,41,630_35_01010101,0.000799
1,41,208_35_01010101,0.000822
1,41,1134_35_01010101,0.000834
1,41,87_35_01010101,0.000878
1,41,261_35_01010101,0.003325
1,41,508_35_01010101,0.004351
1,41,938_35_01010101,0.005280
1,41,963_35_01010101,0.008471
1,41,115_35_01010101,0.058119
1,41,1199_587_01010101,0.143186
1,41,314_35_01010101,0.289176
1,41,906_160_01010101,0.453769
1,41,73_722_01010101,0.622852
1,41,194_764_01010101,0.729295
1,41,1199_709_01010101,0.944786
1,41,625_854_01010101,1.005667
1,41,479_644_01010101,1.110114
1,41,1199_23_01010101,1.628547
1,41,415_253_01010101,1.656876
1,41,119_327_01010101,1.673487